Name,Gmail,Subject,Body
João,joao@gmail.com,marketing project,"Lorem ipsum dolor sit amet consectetur adipiscing elit tellus habitasse ultrices vestibulum, sem lacus laoreet augue auctor faucibus arcu dapibus taciti et, odio maximus eleifend nascetur tempor urna dignissim leo nostra eget. Enim duis nibh malesuada faucibus est in orci massa egestas nostra, cubilia vehicula fringilla sociosqu quis interdum varius platea aliquet vitae, mollis a aliquam ultricies congue nam lectus mus elit. Mi maecenas risus potenti et leo amet aenean, justo fermentum odio sem penatibus sit congue senectus, vulputate mus turpis dolor diam tortor."
Maria,maria@gmail.com,monthly report,"Sed non urna. Donec et ante. Phasellus eu ligula. Vestibulum sit amet purus. Vivamus hendrerit, dolor at aliquet laoreet, mauris turpis porttitor velit, faucibus interdum tellus libero ac justo."
José,jose@gmail.com,partnership proposal,"Nulla facilisi. Sed lectus justo, viverra non, semper suscipit, posuere a, pede. Donec nec justo eget felis facilisis fermentum."
Ana,ana@gmail.com,development project,"Aliquam porttitor mauris sit amet orci. Aenean dignissim pellentesque felis."
Carlos,carlos@gmail.com,market analysis,"Morbi in sem quis dui placerat ornare. Pellentesque odio nisi, euismod in, pharetra a, ultricies in, diam. Sed arcu."
Mariana,mariana@gmail.com,project budget,"Phasellus dapibus fermentum ipsum. Nullam sagittis. Phasellus consequat augue id magna semper rutrum. Nullam quis massa sit amet nibh viverra malesuada."
Pedro,pedro@gmail.com,strategic planning,"Cras ornare arcu quis ligula. Nullam accumsan lorem in dui. Cras ultricies mi eu turpis hendrerit fringilla."
Juliana,juliana@gmail.com,technical support,"Vestibulum ante ipsum primis in faucibus orci luctus et ultrices posuere cubilia Curae; Sed aliquam, nisi quis porttitor congue, elit erat euismod orci, ac placerat dolor lectus quis orci."
Paulo,paulo@gmail.com,performance analysis,"Phasellus consectetuer vestibulum elit. Aenean tellus metus, bibendum sed, posuere ac, mattis non, nunc."
Fernanda,fernanda@gmail.com,commercial proposal,"Nullam feugiat, turpis at pulvinar vulputate, erat libero tristique tellus, nec bibendum odio risus sit amet ante."
Roberto,roberto@gmail.com,financial planning,"Fusce vulputate eleifend sapien. Vestibulum purus quam, scelerisque ut, mollis sed, nonummy id, metus."
Patrícia,patricia@gmail.com,cost analysis,"Nullam accumsan lorem in dui. Cras ultricies mi eu turpis hendrerit fringilla."
Luiz,luiz@gmail.com,sales report,"Integer ante arcu, accumsan a, consectetuer eget, posuere ut, mauris. Praesent adipiscing."
Aline,aline@gmail.com,customer feedback,"Duis cursus tortor. Nunc consectetuer diam ac odio. Pellentesque vel mauris sit amet urna malesuada ornare."
Rafael,rafael@gmail.com,performance evaluation,"Cras dapibus. Vivamus elementum semper nisi. Aenean vulputate eleifend tellus."
Camila,camila@gmail.com,marketing strategy,"Aenean leo ligula, porttitor eu, consequat vitae, eleifend ac, enim."
Rodrigo,rodrigo@gmail.com,quarterly report,"Aliquam lorem ante, dapibus in, viverra quis, feugiat a, tellus."
Isabela,isabela@gmail.com,customer support,"Phasellus viverra nulla ut metus varius laoreet. Quisque rutrum. Aenean imperdiet."
Felipe,felipe@gmail.com,market analysis,"Etiam ultricies nisi vel augue. Curabitur ullamcorper ultricies nisi."
Luciana,luciana@gmail.com,project proposal,"Nam eget dui. Etiam rhoncus."
Gustavo,gustavo@gmail.com,strategic planning,"Maecenas tempus, tellus eget condimentum rhoncus, sem quam semper libero, sit amet adipiscing sem neque sed ipsum."
Tatiane,tatiane@gmail.com,project budget,"Nam quam nunc, blandit vel, luctus pulvinar, hendrerit id, lorem."
Fabrício,fabricio@gmail.com,performance analysis,"Maecenas nec odio et ante tincidunt tempus."
Daniela,daniela@gmail.com,commercial proposal,"Donec vitae sapien ut libero venenatis faucibus."
Diego,diego@gmail.com,financial planning,"Nullam quis ante. Etiam sit amet orci eget eros faucibus tincidunt."
Larissa,larissa@gmail.com,cost analysis,"Duis leo. Sed fringilla mauris sit amet nibh."
Marcelo,marcelo@gmail.com,sales report,"Mauris tincidunt sem sed arcu."
Renata,renata@gmail.com,customer feedback,"Nunc vitae tortor. Proin tempus nibh sit amet nisl."
Eduardo,eduardo@gmail.com,performance evaluation,"Vestibulum leo velit, accumsan varius, faucibus nec, consequat in, massa."
Cristina,cristina@gmail.com,marketing strategy,"Sed lectus. Integer euismod lacus luctus magna."
Fernando,fernando@gmail.com,quarterly report,"Quisque cursus, metus vitae pharetra auctor, sem massa mattis sem, at interdum magna augue eget diam."
Mariana,mariana@gmail.com,customer support,"Vestibulum ante ipsum primis in faucibus orci luctus et ultrices posuere cubilia Curae; Morbi lacinia molestie dui."
Gabriel,gabriel@gmail.com,market analysis,"Praesent blandit dolor. Sed non quam."
Carolina,carolina@gmail.com,project proposal,"In vel mi sit amet augue congue elementum."
Ricardo,ricardo@gmail.com,strategic planning,"Morbi in ipsum sit amet pede facilisis laoreet. Donec lacus nunc, viverra nec."
Bianca,bianca@gmail.com,project budget,"Curabitur eget semper ante."
Roberto,roberto@gmail.com,performance analysis,"Nulla facilisi. Phasellus faucibus molestie nisl. Fusce magna tellus."
Lívia,livia@gmail.com,commercial proposal,"Aenean vel massa quis mauris vehicula lacinia."
Marcela,marcela@gmail.com,financial planning,"Nullam sapien sem, ornare ac, nonummy non, lobortis a, enim."
Vinícius,vinicius@gmail.com,cost analysis,"Suspendisse pulvinar, augue ac venenatis condimentum, sem libero volutpat nibh, nec pellentesque velit pede quis nunc."
Patrícia,patricia@gmail.com,sales report,"Etiam pharetra, erat sed fermentum feugiat, velit mauris egestas quam, ut aliquam massa nisl quis neque."
Alexandre,alexandre@gmail.com,customer feedback,"Sed a libero. Nulla facilisi."
Isabel,isabel@gmail.com,performance evaluation,"Suspendisse potenti. In eleifend quam a odio."
Rafaela,rafaela@gmail.com,marketing strategy,"Praesent vitae arcu tempor neque lacinia pretium. Ut eget metus."
Daniel,daniel@gmail.com,quarterly report,"Integer id quam. Morbi mi."